Phone1	PhonEnv	Phone2	Surprisal
a	<|S|	-	0.0
a	<|S|>	-	0.0
a	|S|>	-	0.0
b	#|S|	b	0.044
b	#|S|<	b	0.033
b	#|S|<_F	b	0.026
b	#|S|<_R	b	0.026
b	#|S|F	b	0.033
b	#|S|R	b	0.033
b	>|S|	v	1.075
b	>|S|	b	1.722
b	>|S|<	v	0.936
b	>|S|<	b	2.138
b	F_>|S|	v	0.372
b	F_>|S|	b	2.138
b	F_>|S|<	v	0.29
b	F_>|S|<	b	2.459
b	F|S|	v	0.521
b	F|S|	b	1.722
b	F|S|<	v	0.372
b	F|S|<	b	2.138
b	|S|<	b	0.18
b	|S|<	v	3.502
b	|S|<_F	b	0.033
b	|S|<_R	b	0.033
b	|S|F	b	0.044
b	|S|R	b	0.044
b_n	>|S|	m	0.0
b_n	>|S|#	m	0.0
b_n	F_>|S|	m	0.0
b_n	F_>|S|#	m	0.0
b_n	F|S|	m	0.0
b_n	F|S|#	m	0.0
b_n	|S|#	m	0.0
b̥	>|S|	f	0.407
b̥	>|S|	v̥	2.729
b̥	>|S|#	f	0.427
b̥	>|S|#	v̥	2.748
b̥	F_>|S|	f	0.376
b̥	F_>|S|	v̥	2.126
b̥	F_>|S|#	f	0.383
b̥	F_>|S|#	v̥	2.1
b̥	F|S|	f	0.363
b̥	F|S|	v̥	2.17
b̥	F|S|#	f	0.376
b̥	F|S|#	v̥	2.126
b̥	|S|#	f	0.407
b̥	|S|#	v̥	2.729
d	#|S|	d	0.0
d	#|S|<	d	0.0
d	#|S|<_F	d	0.0
d	#|S|<_R	d	0.0
d	#|S|F	d	0.0
d	#|S|R	d	0.0
d	>|S|	d	0.0
d	>|S|<	d	0.0
d	F_>|S|	d	0.0
d	F_>|S|<	d	0.0
d	F|S|	d	0.0
d	F|S|<	d	0.0
d	|S|<	d	0.0
d	|S|<_F	d	0.0
d	|S|<_R	d	0.0
d	|S|F	d	0.0
d	|S|R	d	0.0
d̥	>|S|	d	0.0
d̥	>|S|#	d	0.0
d̥	F_>|S|	d	0.0
d̥	F_>|S|#	d	0.0
d̥	F|S|	d	0.0
d̥	F|S|#	d	0.0
d̥	|S|#	d	0.0
eː	<|S|	aɪ̯	0.0
eː	<|S|>	aɪ̯	0.0
eː	<|S|>_N	aɪ̯	0.0
eː	<|S|N	aɪ̯	0.0
eː	|S|>	aɪ̯	0.0
eː	|S|>_N	aɪ̯	0.0
eː	|S|N	aɪ̯	0.0
f	#|S|	f	0.0
f	#|S|<	f	0.0
f	#|S|<_F	f	0.0
f	#|S|<_R	f	0.0
f	#|S|F	f	0.0
f	#|S|R	f	0.0
f	>|S|	f	0.848
f	>|S|#	f	1.0
f	F_>|S|	f	2.0
f	F_>|S|#	f	2.322
f	F|S|	f	1.585
f	F|S|#	f	2.0
f	|S|#	f	0.848
f	|S|<	f	0.0
f	|S|<_F	f	0.0
f	|S|<_R	f	0.0
f	|S|F	f	0.0
f	|S|R	f	0.0
f_n	>|S|	b_m	0.263
f_n	>|S|#	b_m	0.3
f_n	F_>|S|	b_m	0.0
f_n	F_>|S|#	b_m	0.0
f_n	F|S|	b_m	0.0
f_n	F|S|#	b_m	0.0
f_n	|S|#	b_m	0.263
h	#|S|	h	0.0
h	#|S|<	h	0.0
h	#|S|<_F	h	0.0
h	#|S|F	h	0.0
h	|S|<	h	0.0
h	|S|<_F	h	0.0
h	|S|F	h	0.0
h_ˈɛ	#|S|	h	0.0
h_ˈɛ	#|S|<	h	0.0
h_ˈɛ	#|S|>	h	0.0
h_ˈɛ	|S|<	h	0.0
h_ˈɛ	|S|>	h	0.0
j	#|S|	ʒ	0.0
j	#|S|<	ʒ	0.0
j	#|S|<_F	ʒ	0.0
j	#|S|F	ʒ	0.0
j	|S|<	ʒ	0.0
j	|S|<_F	ʒ	0.0
j	|S|F	ʒ	0.0
k	>|S|	ɡ	0.948
k	>|S|	k	1.948
k	>|S|#	ɡ	2.585
k	>|S|#	k	3.585
k	>|S|<	ɡ	0.585
k	>|S|<	k	2.263
k	>|S|<_N	ɡ	0.585
k	>|S|<_N	k	1.585
k	>|S|=	k	0.263
k	>|S|=	ɡ	2.585
k	>|S|N	ɡ	0.585
k	>|S|N	k	1.585
k	F_>|S|	ɡ	0.885
k	F_>|S|	k	2.263
k	F_>|S|#	ɡ	2.907
k	F_>|S|#	k	3.907
k	F_>|S|<	ɡ	0.447
k	F_>|S|<	k	3.907
k	F_>|S|<_N	ɡ	0.082
k	F_>|S|<_N	k	4.17
k	F_>|S|=	k	0.206
k	F_>|S|=	ɡ	2.907
k	F_>|S|N	ɡ	0.1
k	F_>|S|N	k	3.907
k	F|S|	ɡ	0.848
k	F|S|	k	2.17
k	F|S|#	ɡ	2.585
k	F|S|#	k	3.585
k	F|S|<	ɡ	0.456
k	F|S|<	k	3.585
k	F|S|<_N	ɡ	0.1
k	F|S|<_N	k	3.907
k	F|S|=	k	0.263
k	F|S|=	ɡ	2.585
k	F|S|N	ɡ	0.126
k	F|S|N	k	3.585
k	|S|#	ɡ	2.17
k	|S|#	k	3.17
k	|S|<	ɡ	0.585
k	|S|<	k	2.17
k	|S|<_N	ɡ	0.585
k	|S|<_N	k	1.585
k	|S|=	k	0.363
k	|S|=	ɡ	2.17
k	|S|N	ɡ	0.585
k	|S|N	k	1.585
k_n	>|S|	ç	0.0
k_n	>|S|#	ç	0.0
k_n	F_>|S|	ç	0.0
k_n	F_>|S|#	ç	0.0
k_n	F|S|	ç	0.0
k_n	F|S|#	ç	0.0
k_n	|S|#	ç	0.0
kʰ	#|S|	kʰ	0.0
kʰ	#|S|<	kʰ	0.0
kʰ	#|S|<_F	kʰ	0.0
kʰ	#|S|<_N	kʰ	0.0
kʰ	#|S|F	kʰ	0.0
kʰ	#|S|N	kʰ	0.0
kʰ	|S|<	kʰ	0.0
kʰ	|S|<_F	kʰ	0.0
kʰ	|S|<_N	kʰ	0.0
kʰ	|S|F	kʰ	0.0
kʰ	|S|N	kʰ	0.0
l	#|S|	l	0.0
l	#|S|<	l	0.0
l	#|S|<_F	l	0.0
l	#|S|F	l	0.0
l	<|S|	l	0.0
l	<|S|#	l	0.0
l	<|S|<	l	0.0
l	<|S|<_F	l	0.0
l	<|S|F	l	0.0
l	>|S|	l	0.0
l	>|S|#	l	0.0
l	>|S|<	l	0.0
l	>|S|<_F	l	0.0
l	>|S|>	l	0.0
l	>|S|>_N	l	0.0
l	>|S|F	l	0.0
l	>|S|N	l	0.0
l	F_>|S|	l	0.0
l	F_>|S|#	l	0.0
l	F_>|S|<	l	0.0
l	F_>|S|<_F	l	0.0
l	F_>|S|>	l	0.0
l	F_>|S|>_N	l	0.0
l	F_>|S|F	l	0.0
l	F_>|S|N	l	0.0
l	F|S|	l	0.0
l	F|S|#	l	0.0
l	F|S|<	l	0.0
l	F|S|<_F	l	0.0
l	F|S|>	l	0.0
l	F|S|>_N	l	0.0
l	F|S|F	l	0.0
l	F|S|N	l	0.0
l	|S|#	l	0.0
l	|S|<	l	0.0
l	|S|<_F	l	0.0
l	|S|>	l	0.0
l	|S|>_N	l	0.0
l	|S|F	l	0.0
l	|S|N	l	0.0
m	#|S|	m	0.0
m	#|S|<	m	0.0
m	#|S|<_F	m	0.0
m	#|S|F	m	0.0
m	>|S|	m	0.07
m	>|S|#	m	0.0
m	>|S|<	m	0.163
m	F_>|S|	m	0.0
m	F_>|S|#	m	0.0
m	F_>|S|<	m	0.0
m	F|S|	m	0.0
m	F|S|#	m	0.0
m	F|S|<	m	0.0
m	|S|#	m	0.0
m	|S|<	m	0.049
m	|S|<_F	m	0.0
m	|S|F	m	0.0
n	#|S|	n	1.787
n	#|S|<	n	2.202
n	#|S|<_F	n	2.524
n	#|S|F	n	2.202
n	<|S|	n	0.121
n	<|S|#	n	0.124
n	<|S|<	n	0.048
n	<|S|<_F	n	0.038
n	<|S|>	n	0.048
n	<|S|F	n	0.048
n	>|S|	n	0.302
n	>|S|	-	3.56
n	>|S|	ˈɪ_n	4.882
n	>|S|	ˈʏ_n	4.882
n	>|S|#	n	0.241
n	>|S|#	-	3.122
n	>|S|<	n	0.195
n	>|S|<	ˈʏ_n	3.308
n	>|S|<_F	n	0.5
n	>|S|<_F	ˈʏ_n	1.876
n	>|S|>	n	0.543
n	>|S|>	ˈɪ_n	3.308
n	>|S|>	-	3.944
n	>|S|>	ˈʏ_n	4.208
n	>|S|F	n	0.479
n	>|S|F	ˈʏ_n	1.959
n	F_>|S|	n	0.217
n	F_>|S|	ˈɪ_n	4.039
n	F_>|S|	-	4.477
n	F_>|S|#	n	0.038
n	F_>|S|<	n	0.038
n	F_>|S|<_F	n	0.032
n	F_>|S|>	n	0.55
n	F_>|S|>	ˈɪ_n	2.725
n	F_>|S|>	-	3.519
n	F_>|S|F	n	0.038
n	F|S|	n	0.215
n	F|S|	ˈɪ_n	4.126
n	F|S|	-	4.382
n	F|S|#	n	0.048
n	F|S|<	n	0.048
n	F|S|<_F	n	0.038
n	F|S|>	n	0.526
n	F|S|>	ˈɪ_n	2.8
n	F|S|>	-	3.535
n	F|S|F	n	0.048
n	|S|#	n	0.202
n	|S|#	-	3.606
n	|S|<	n	0.762
n	|S|<	ˈʏ_n	4.54
n	|S|<_F	n	1.029
n	|S|<_F	ˈʏ_n	3.729
n	|S|>	n	0.471
n	|S|>	ˈɪ_n	3.505
n	|S|>	-	3.98
n	|S|>	ˈʏ_n	4.355
n	|S|F	n	0.91
n	|S|F	ˈʏ_n	3.831
n_d	>|S|	n	0.0
n_d	>|S|<	n	0.0
n_d	>|S|<_N	n	0.0
n_d	>|S|N	n	0.0
n_d	F_>|S|	n	0.0
n_d	F_>|S|<	n	0.0
n_d	F_>|S|<_N	n	0.0
n_d	F_>|S|N	n	0.0
n_d	F|S|	n	0.0
n_d	F|S|<	n	0.0
n_d	F|S|<_N	n	0.0
n_d	F|S|N	n	0.0
n_d	|S|<	n	0.0
n_d	|S|<_N	n	0.0
n_d	|S|N	n	0.0
p	>|S|	p	0.0
p	>|S|<	p	0.0
p	>|S|<_R	p	0.0
p	>|S|R	p	0.0
p	|S|<	p	0.0
p	|S|<_R	p	0.0
p	|S|R	p	0.0
p͡f	#|S|	pʰ	0.263
p͡f	#|S|	b	2.585
p͡f	#|S|<	pʰ	0.193
p͡f	#|S|<	b	3.0
p͡f	#|S|<_F	pʰ	0.152
p͡f	#|S|<_F	b	3.322
p͡f	#|S|F	pʰ	0.193
p͡f	#|S|F	b	3.0
p͡f	>|S|	b	0.263
p͡f	>|S|	pʰ	2.585
p͡f	>|S|#	b	0.193
p͡f	>|S|#	pʰ	3.0
p͡f	>|S|<	b	0.193
p͡f	>|S|<	pʰ	3.0
p͡f	F_>|S|	b	0.193
p͡f	F_>|S|	pʰ	3.0
p͡f	F_>|S|<	b	0.152
p͡f	F_>|S|<	pʰ	3.322
p͡f	F|S|	b	0.263
p͡f	F|S|	pʰ	2.585
p͡f	F|S|<	b	0.193
p͡f	F|S|<	pʰ	3.0
p͡f	|S|#	b	0.263
p͡f	|S|#	pʰ	2.585
p͡f	|S|<	pʰ	0.71
p͡f	|S|<	b	1.363
p͡f	|S|<_F	pʰ	0.193
p͡f	|S|<_F	b	3.0
p͡f	|S|F	pʰ	0.263
p͡f	|S|F	b	2.585
s	<|S|	s	0.485
s	<|S|	d	2.07
s	<|S|	t	4.392
s	<|S|#	s	0.348
s	<|S|#	d	2.485
s	<|S|#	t	4.807
s	>|S|	d	0.413
s	>|S|	t	2.735
s	>|S|	s	3.338
s	>|S|#	d	0.432
s	>|S|#	t	2.163
s	>|S|#	s	4.807
s	>|S|<	d	0.107
s	>|S|<	s	4.807
s	>|S|<	t	4.807
s	>|S|>	s	0.348
s	>|S|>	d	2.485
s	>|S|>	t	4.807
s	F_>|S|	d	0.507
s	F_>|S|	t	2.429
s	F_>|S|	s	3.175
s	F_>|S|#	d	0.683
s	F_>|S|#	t	1.52
s	F_>|S|<	d	0.085
s	F_>|S|>	s	0.271
s	F_>|S|>	d	2.807
s	F|S|	d	0.505
s	F|S|	t	2.466
s	F|S|	s	3.129
s	F|S|#	d	0.67
s	F|S|#	t	1.575
s	F|S|#	s	4.807
s	F|S|<	d	0.107
s	F|S|<	s	4.807
s	F|S|<	t	4.807
s	F|S|>	s	0.348
s	F|S|>	d	2.485
s	F|S|>	t	4.807
s	|S|#	d	0.551
s	|S|#	t	2.353
s	|S|#	s	3.039
s	|S|<	d	0.144
s	|S|<	s	4.392
s	|S|<	t	4.392
s	|S|>	s	0.485
s	|S|>	d	2.07
s	|S|>	t	4.392
s_n	>|S|	d_n	0.0
s_n	>|S|#	d_n	0.0
s_n	F_>|S|	d_n	0.0
s_n	F_>|S|#	d_n	0.0
s_n	F|S|	d_n	0.0
s_n	F|S|#	d_n	0.0
s_n	|S|#	d_n	0.0
s_t	>|S|	s	0.0
s_t	>|S|#	s	0.0
s_t	F_>|S|	s	0.0
s_t	F_>|S|#	s	0.0
s_t	F|S|	s	0.0
s_t	F|S|#	s	0.0
s_t	|S|#	s	0.0
t	=|S|	t	0.404
t	=|S|	d	2.17
t	=|S|#	t	0.292
t	=|S|#	d	2.585
t	>|S|	d	0.616
t	>|S|	t	2.062
t	>|S|	-	3.938
t	>|S|#	d	0.398
t	>|S|#	t	2.78
t	>|S|#	-	3.387
t	>|S|<	d	1.061
t	>|S|<	t	1.399
t	>|S|<_F	t	0.229
t	>|S|<_F	d	2.907
t	>|S|F	t	0.292
t	>|S|F	d	2.585
t	F_>|S|	d	0.337
t	F_>|S|	-	2.819
t	F_>|S|	t	3.907
t	F_>|S|#	d	0.447
t	F_>|S|#	-	2.229
t	F_>|S|#	t	4.229
t	F_>|S|<	d	0.1
t	F_>|S|<	t	4.229
t	F|S|	d	0.363
t	F|S|	-	2.907
t	F|S|	t	3.492
t	F|S|#	d	0.456
t	F|S|#	-	2.292
t	F|S|#	t	3.907
t	F|S|<	d	0.126
t	F|S|<	t	3.907
t	|S|#	d	0.469
t	|S|#	t	2.404
t	|S|#	-	3.492
t	|S|<	d	1.0
t	|S|<	t	1.447
t	|S|<_F	t	0.292
t	|S|<_F	d	2.585
t	|S|F	t	0.404
t	|S|F	d	2.17
t_n	>|S|	d_n	0.0
t_n	>|S|#	d_n	0.0
t_n	F_>|S|	d_n	0.0
t_n	F_>|S|#	d_n	0.0
t_n	F|S|	d_n	0.0
t_n	F|S|#	d_n	0.0
t_n	|S|#	d_n	0.0
tʰ	#|S|	d	0.061
tʰ	#|S|<	d	0.069
tʰ	#|S|<_F	d	0.0
tʰ	#|S|<_R	d	0.206
tʰ	#|S|F	d	0.0
tʰ	#|S|R	d	0.193
tʰ	|S|<	d	0.061
tʰ	|S|<_F	d	0.0
tʰ	|S|<_R	d	0.193
tʰ	|S|F	d	0.0
tʰ	|S|R	d	0.17
v	#|S|	v	0.0
v	#|S|<	v	0.0
v	#|S|<_F	v	0.0
v	#|S|F	v	0.0
v	<|S|	v	0.111
v	<|S|<	v	0.126
v	<|S|<_F	v	0.134
v	<|S|F	v	0.126
v	|S|<	v	0.031
v	|S|<_F	v	0.046
v	|S|F	v	0.041
x	>|S|	x	0.874
x	>|S|	ɡ	1.138
x	>|S|#	ɡ	0.705
x	>|S|#	x	1.372
x	>|S|<	ɡ	0.565
x	>|S|<	x	1.627
x	>|S|<_N	x	0.974
x	>|S|<_N	ɡ	1.026
x	>|S|>	x	0.174
x	>|S|>	ɡ	3.138
x	>|S|N	x	0.968
x	>|S|N	ɡ	1.033
x	F_>|S|	x	0.652
x	F_>|S|	ɡ	1.459
x	F_>|S|#	ɡ	0.167
x	F_>|S|#	x	3.196
x	F_>|S|<	x	0.974
x	F_>|S|<	ɡ	1.026
x	F_>|S|<_N	x	0.114
x	F_>|S|<_N	ɡ	3.722
x	F_>|S|>	x	0.138
x	F_>|S|>	ɡ	3.459
x	F_>|S|N	x	0.138
x	F_>|S|N	ɡ	3.459
x	F|S|	x	0.675
x	F|S|	ɡ	1.42
x	F|S|#	ɡ	0.212
x	F|S|#	x	2.874
x	F|S|<	x	0.968
x	F|S|<	ɡ	1.033
x	F|S|<_N	x	0.138
x	F|S|<_N	ɡ	3.459
x	F|S|>	x	0.174
x	F|S|>	ɡ	3.138
x	F|S|N	x	0.174
x	F|S|N	ɡ	3.138
x	|S|#	ɡ	0.747
x	|S|#	x	1.307
x	|S|<	ɡ	0.618
x	|S|<	x	1.521
x	|S|<_N	x	0.968
x	|S|<_N	ɡ	1.033
x	|S|>	x	0.237
x	|S|>	ɡ	2.722
x	|S|N	x	0.957
x	|S|N	ɡ	1.044
z	#|S|	z	0.0
z	#|S|<	z	0.0
z	#|S|<_F	z	0.0
z	#|S|F	z	0.0
z	>|S|	z	0.0
z	>|S|<	z	0.0
z	>|S|<_N	z	0.0
z	>|S|N	z	0.0
z	F_>|S|	z	0.0
z	F_>|S|<	z	0.0
z	F_>|S|<_N	z	0.0
z	F_>|S|N	z	0.0
z	F|S|	z	0.0
z	F|S|<	z	0.0
z	F|S|<_N	z	0.0
z	F|S|N	z	0.0
z	|S|<	z	0.0
z	|S|<_F	z	0.0
z	|S|<_N	z	0.0
z	|S|F	z	0.0
z	|S|N	z	0.0
z_ə	>|S|	z̥	0.0
z_ə	>|S|#	z̥	0.0
z_ə	F_>|S|	z̥	0.0
z_ə	F_>|S|#	z̥	0.0
z_ə	F|S|	z̥	0.0
z_ə	F|S|#	z̥	0.0
z_ə	|S|#	z̥	0.0
z̥	>|S|	z̥	0.485
z̥	>|S|	-	1.807
z̥	>|S|#	z̥	0.485
z̥	>|S|#	-	1.807
z̥	F_>|S|	z̥	0.107
z̥	F_>|S|	-	3.807
z̥	F_>|S|#	z̥	0.085
z̥	F_>|S|#	-	4.129
z̥	F|S|	z̥	0.144
z̥	F|S|	-	3.392
z̥	F|S|#	z̥	0.107
z̥	F|S|#	-	3.807
z̥	|S|#	z̥	0.485
z̥	|S|#	-	1.807
ç	>|S|	ɡ	0.735
ç	>|S|	ç	1.542
ç	>|S|#	ɡ	0.905
ç	>|S|#	ç	1.426
ç	>|S|<	ɡ	0.138
ç	>|S|<	ç	3.459
ç	>|S|<_N	ɡ	0.109
ç	>|S|<_N	ç	3.781
ç	>|S|>	ç	0.25
ç	>|S|>	ɡ	2.652
ç	>|S|N	ɡ	0.138
ç	>|S|N	ç	3.459
ç	F_>|S|	ɡ	0.905
ç	F_>|S|	ç	1.355
ç	F_>|S|#	ɡ	1.089
ç	F_>|S|#	ç	1.267
ç	F_>|S|<	ɡ	0.109
ç	F_>|S|<	ç	3.781
ç	F_>|S|<_N	ɡ	0.09
ç	F_>|S|<_N	ç	4.044
ç	F_>|S|>	ç	0.196
ç	F_>|S|>	ɡ	2.974
ç	F_>|S|N	ɡ	0.109
ç	F_>|S|N	ç	3.781
ç	F|S|	ɡ	0.874
ç	F|S|	ç	1.366
ç	F|S|#	ɡ	1.057
ç	F|S|#	ç	1.278
ç	F|S|<	ɡ	0.138
ç	F|S|<	ç	3.459
ç	F|S|<_N	ɡ	0.109
ç	F|S|<_N	ç	3.781
ç	F|S|>	ç	0.25
ç	F|S|>	ɡ	2.652
ç	F|S|N	ɡ	0.138
ç	F|S|N	ç	3.459
ç	|S|#	ɡ	0.874
ç	|S|#	ç	1.43
ç	|S|<	ɡ	0.186
ç	|S|<	ç	3.044
ç	|S|<_N	ɡ	0.138
ç	|S|<_N	ç	3.459
ç	|S|>	ç	0.344
ç	|S|>	ɡ	2.237
ç	|S|N	ɡ	0.186
ç	|S|N	ç	3.044
ç_t	>|S|	ç	0.0
ç_t	>|S|#	ç	0.0
ç_t	F_>|S|	ç	0.0
ç_t	F_>|S|#	ç	0.0
ç_t	F|S|	ç	0.0
ç_t	F|S|#	ç	0.0
ç_t	|S|#	ç	0.0
ŋ	>|S|	ŋ	0.0
ŋ	>|S|#	ŋ	0.0
ŋ	>|S|<	ŋ	0.0
ŋ	>|S|>	ŋ	0.0
ŋ	F_>|S|	ŋ	0.0
ŋ	F_>|S|#	ŋ	0.0
ŋ	F_>|S|<	ŋ	0.0
ŋ	F_>|S|>	ŋ	0.0
ŋ	F|S|	ŋ	0.0
ŋ	F|S|#	ŋ	0.0
ŋ	F|S|<	ŋ	0.0
ŋ	F|S|>	ŋ	0.0
ŋ	|S|#	ŋ	0.0
ŋ	|S|<	ŋ	0.0
ŋ	|S|>	ŋ	0.0
ɐ	<|S|	ɐ	0.179
ɐ	<|S|	-	4.097
ɐ	<|S|	ˈaː	4.097
ɐ	<|S|#	ɐ	0.083
ɐ	<|S|#	-	4.561
ɐ	<|S|>	ɐ	0.618
ɐ	<|S|>	ˈaː	2.134
ɐ	<|S|>	-	3.051
ɐ	<|S|>_N	ɐ	0.032
ɐ	<|S|N	ɐ	0.04
ɐ	=|S|	ɐ	0.053
ɐ	=|S|#	ɐ	0.04
ɐ	=|S|>	ɐ	0.04
ɐ	=|S|>_N	ɐ	0.032
ɐ	=|S|N	ɐ	0.04
ɐ	F_<|S|	ɐ	0.281
ɐ	F_<|S|	ˈaː	2.613
ɐ	F_<|S|#	ɐ	0.032
ɐ	F_<|S|>	ɐ	0.79
ɐ	F_<|S|>	ˈaː	1.283
ɐ	F_<|S|>_N	ɐ	0.026
ɐ	F_<|S|N	ɐ	0.032
ɐ	F_=|S|	ɐ	0.04
ɐ	F_=|S|#	ɐ	0.032
ɐ	F_=|S|>	ɐ	0.032
ɐ	F_=|S|>_N	ɐ	0.026
ɐ	F_=|S|N	ɐ	0.032
ɐ	F|S|	ɐ	0.203
ɐ	F|S|	ˈaː	3.142
ɐ	F|S|#	ɐ	0.04
ɐ	F|S|>	ɐ	0.571
ɐ	F|S|>	ˈaː	1.673
ɐ	F|S|>_N	ɐ	0.032
ɐ	F|S|N	ɐ	0.04
ɐ	|S|#	ɐ	0.088
ɐ	|S|#	-	4.608
ɐ	|S|>	ɐ	0.486
ɐ	|S|>	ˈaː	2.437
ɐ	|S|>	-	3.303
ɐ	|S|>_N	ɐ	0.04
ɐ	|S|N	ɐ	0.053
ɐ_ʦ	<|S|	d	0.0
ɐ_ʦ	<|S|#	d	0.0
ɐ_ʦ	<|S|<	d	0.0
ɐ_ʦ	=|S|	d	0.0
ɐ_ʦ	=|S|#	d	0.0
ɐ_ʦ	F_<|S|	d	0.0
ɐ_ʦ	F_<|S|#	d	0.0
ɐ_ʦ	F_=|S|	d	0.0
ɐ_ʦ	F_=|S|#	d	0.0
ɐ_ʦ	F|S|	d	0.0
ɐ_ʦ	F|S|#	d	0.0
ɐ_ʦ	|S|#	d	0.0
ɐ_ʦ	|S|<	d	0.0
ə	<|S|	-	0.061
ə	<|S|	ˈoː	4.604
ə	<|S|#	-	0.021
ə	<|S|>	-	0.166
ə	<|S|>	ˈoː	3.205
ə	<|S|>_N	-	0.194
ə	<|S|>_N	ˈoː	2.988
ə	<|S|>_R	-	0.017
ə	<|S|N	-	0.187
ə	<|S|N	ˈoː	3.037
ə	<|S|R	-	0.021
ə	>|S|	-	0.399
ə	>|S|	ˈoː	2.048
ə	>|S|>	-	0.444
ə	>|S|>	ˈoː	1.918
ə	>|S|>_N	-	0.471
ə	>|S|>_N	ˈoː	1.845
ə	>|S|N	-	0.444
ə	>|S|N	ˈoː	1.918
ə	F_>|S|	-	0.444
ə	F_>|S|	ˈoː	1.918
ə	F_>|S|>	-	0.471
ə	F_>|S|>	ˈoː	1.845
ə	F_>|S|>_N	-	0.489
ə	F_>|S|>_N	ˈoː	1.798
ə	F_>|S|N	-	0.471
ə	F_>|S|N	ˈoː	1.845
ə	F|S|	-	0.399
ə	F|S|	ˈoː	2.048
ə	F|S|>	-	0.444
ə	F|S|>	ˈoː	1.918
ə	F|S|>_N	-	0.471
ə	F|S|>_N	ˈoː	1.845
ə	F|S|N	-	0.444
ə	F|S|N	ˈoː	1.918
ə	|S|#	-	0.029
ə	|S|>	-	0.219
ə	|S|>	ˈoː	2.828
ə	|S|>_N	-	0.26
ə	|S|>_N	ˈoː	2.602
ə	|S|>_R	-	0.021
ə	|S|N	-	0.239
ə	|S|N	ˈoː	2.709
ə	|S|R	-	0.029
ɡ	#|S|	ɡ	0.106
ɡ	#|S|	j	3.818
ɡ	#|S|<	ɡ	0.108
ɡ	#|S|<	j	3.788
ɡ	#|S|<_F	ɡ	0.194
ɡ	#|S|<_F	j	2.988
ɡ	#|S|<_R	ɡ	0.017
ɡ	#|S|F	ɡ	0.187
ɡ	#|S|F	j	3.037
ɡ	#|S|R	ɡ	0.021
ɡ	>|S|	ɡ	0.399
ɡ	>|S|<	ɡ	0.444
ɡ	>|S|<_N	ɡ	0.766
ɡ	>|S|N	ɡ	0.712
ɡ	F_>|S|	ɡ	0.712
ɡ	F_>|S|<	ɡ	0.766
ɡ	F_>|S|<_N	ɡ	1.202
ɡ	F_>|S|N	ɡ	1.136
ɡ	F|S|	ɡ	0.628
ɡ	F|S|<	ɡ	0.712
ɡ	F|S|<_N	ɡ	1.136
ɡ	F|S|N	ɡ	1.043
ɡ	|S|<	ɡ	0.192
ɡ	|S|<	j	4.192
ɡ	|S|<_F	ɡ	0.187
ɡ	|S|<_F	j	3.037
ɡ	|S|<_N	ɡ	0.712
ɡ	|S|<_R	ɡ	0.021
ɡ	|S|F	ɡ	0.176
ɡ	|S|F	j	3.122
ɡ	|S|N	ɡ	0.628
ɡ	|S|R	ɡ	0.029
ɡ_n	>|S|	ŋ	0.0
ɡ_n	>|S|#	ŋ	0.0
ɡ_n	F_>|S|	ŋ	0.0
ɡ_n	F_>|S|#	ŋ	0.0
ɡ_n	F|S|	ŋ	0.0
ɡ_n	F|S|#	ŋ	0.0
ɡ_n	|S|#	ŋ	0.0
ɡ̊	>|S|	ç	0.737
ɡ̊	>|S|	x	1.322
ɡ̊	>|S|#	ç	0.737
ɡ̊	>|S|#	x	1.322
ɡ̊	F_>|S|	ç	0.621
ɡ̊	F_>|S|	x	1.515
ɡ̊	F_>|S|#	ç	0.614
ɡ̊	F_>|S|#	x	1.528
ɡ̊	F|S|	ç	0.634
ɡ̊	F|S|	x	1.492
ɡ̊	F|S|#	ç	0.621
ɡ̊	F|S|#	x	1.515
ɡ̊	|S|#	ç	0.737
ɡ̊	|S|#	x	1.322
ɪ	<|S|	ɪ	0.415
ɪ	<|S|	i	2.0
ɪ	<|S|>	ɪ	0.415
ɪ	<|S|>	i	2.0
ɪ	|S|>	ɪ	0.415
ɪ	|S|>	i	2.0
ʁ	#|S|	r	0.047
ʁ	#|S|	-	4.954
ʁ	#|S|<	r	0.035
ʁ	#|S|<_F	r	0.028
ʁ	#|S|F	r	0.035
ʁ	<|S|	r	0.136
ʁ	<|S|	-	3.47
ʁ	<|S|<	r	0.135
ʁ	<|S|<	-	3.483
ʁ	<|S|<_F	r	0.104
ʁ	<|S|<_F	-	3.85
ʁ	<|S|F	r	0.106
ʁ	<|S|F	-	3.815
ʁ	>|S|	-	0.517
ʁ	>|S|	r	1.732
ʁ	>|S|<	-	0.369
ʁ	>|S|<	r	2.147
ʁ	|S|<	r	0.147
ʁ	|S|<	-	3.369
ʁ	|S|<_F	r	0.087
ʁ	|S|<_F	-	4.101
ʁ	|S|F	r	0.093
ʁ	|S|F	-	3.999
ʁ_ə	>|S|	ɐ	0.0
ʁ_ə	>|S|#	ɐ	0.0
ʁ_ə	>|S|>	ɐ	0.0
ʁ_ə	>|S|>_N	ɐ	0.0
ʁ_ə	>|S|N	ɐ	0.0
ʁ_ə	F_>|S|	ɐ	0.0
ʁ_ə	F_>|S|#	ɐ	0.0
ʁ_ə	F_>|S|>	ɐ	0.0
ʁ_ə	F_>|S|>_N	ɐ	0.0
ʁ_ə	F_>|S|N	ɐ	0.0
ʁ_ə	F|S|	ɐ	0.0
ʁ_ə	F|S|#	ɐ	0.0
ʁ_ə	F|S|>	ɐ	0.0
ʁ_ə	F|S|>_N	ɐ	0.0
ʁ_ə	F|S|N	ɐ	0.0
ʁ_ə	|S|#	ɐ	0.0
ʁ_ə	|S|>	ɐ	0.0
ʁ_ə	|S|>_N	ɐ	0.0
ʁ_ə	|S|N	ɐ	0.0
ʃ	#|S|	ʃ	0.235
ʃ	#|S|	s	3.042
ʃ	#|S|<	ʃ	0.309
ʃ	#|S|<	s	2.729
ʃ	#|S|<_F	ʃ	0.03
ʃ	#|S|<_N	ʃ	0.03
ʃ	#|S|>	ʃ	0.038
ʃ	#|S|F	ʃ	0.038
ʃ	#|S|N	ʃ	0.038
ʃ	<|S|	ʃ	0.051
ʃ	<|S|	s	4.858
ʃ	<|S|#	ʃ	0.038
ʃ	>|S|	ʃ	0.051
ʃ	>|S|	s	4.858
ʃ	>|S|#	ʃ	0.038
ʃ	>|S|<	ʃ	0.038
ʃ	>|S|<_N	ʃ	0.03
ʃ	>|S|N	ʃ	0.038
ʃ	F_>|S|	ʃ	0.038
ʃ	F_>|S|#	ʃ	0.03
ʃ	F_>|S|<	ʃ	0.03
ʃ	F|S|	ʃ	0.051
ʃ	F|S|	s	4.858
ʃ	F|S|#	ʃ	0.038
ʃ	F|S|<	ʃ	0.038
ʃ	|S|#	ʃ	0.051
ʃ	|S|#	s	4.858
ʃ	|S|<	ʃ	0.265
ʃ	|S|<	s	2.895
ʃ	|S|<_F	ʃ	0.038
ʃ	|S|<_N	ʃ	0.038
ʃ	|S|>	ʃ	0.051
ʃ	|S|>	s	4.858
ʃ	|S|F	ʃ	0.051
ʃ	|S|F	s	4.858
ʃ	|S|N	ʃ	0.051
ʃ	|S|N	s	4.858
ʦ	#|S|	tʰ	0.198
ʦ	#|S|	d	3.7
ʦ	#|S|	t	4.285
ʦ	#|S|<	tʰ	0.146
ʦ	#|S|<	d	4.115
ʦ	#|S|<	t	4.7
ʦ	#|S|<_F	tʰ	0.115
ʦ	#|S|<_F	d	4.437
ʦ	#|S|<_F	t	5.022
ʦ	#|S|F	tʰ	0.146
ʦ	#|S|F	d	4.115
ʦ	#|S|F	t	4.7
ʦ	>|S|	d	1.068
ʦ	>|S|	t	1.653
ʦ	>|S|	tʰ	2.285
ʦ	>|S|#	d	0.308
ʦ	>|S|#	tʰ	2.7
ʦ	>|S|#	t	4.7
ʦ	>|S|<	d	1.209
ʦ	>|S|<	t	1.274
ʦ	>|S|<	tʰ	2.7
ʦ	>|S|<_F	d	1.164
ʦ	>|S|<_F	t	1.215
ʦ	>|S|<_F	tʰ	3.022
ʦ	>|S|<_N	d	0.241
ʦ	>|S|<_N	tʰ	3.022
ʦ	>|S|<_N	t	5.022
ʦ	>|S|F	d	1.209
ʦ	>|S|F	t	1.274
ʦ	>|S|F	tʰ	2.7
ʦ	>|S|N	d	0.308
ʦ	>|S|N	tʰ	2.7
ʦ	>|S|N	t	4.7
ʦ	F_>|S|	t	0.893
ʦ	F_>|S|	d	1.7
ʦ	F_>|S|	tʰ	2.7
ʦ	F_>|S|<	t	0.826
ʦ	F_>|S|<	d	1.677
ʦ	F_>|S|<	tʰ	3.022
ʦ	F_>|S|<_F	t	0.219
ʦ	F_>|S|<_F	tʰ	3.285
ʦ	F_>|S|<_F	d	4.7
ʦ	F_>|S|<_N	d	0.198
ʦ	F_>|S|<_N	tʰ	3.285
ʦ	F_>|S|F	t	0.267
ʦ	F_>|S|F	tʰ	3.022
ʦ	F_>|S|F	d	4.437
ʦ	F_>|S|N	d	0.241
ʦ	F_>|S|N	tʰ	3.022
ʦ	F_>|S|N	t	5.022
ʦ	F|S|	t	1.012
ʦ	F|S|	d	1.741
ʦ	F|S|	tʰ	2.285
ʦ	F|S|<	t	0.893
ʦ	F|S|<	d	1.7
ʦ	F|S|<	tʰ	2.7
ʦ	F|S|<_F	t	0.267
ʦ	F|S|<_F	tʰ	3.022
ʦ	F|S|<_F	d	4.437
ʦ	F|S|<_N	d	0.241
ʦ	F|S|<_N	tʰ	3.022
ʦ	F|S|<_N	t	5.022
ʦ	F|S|F	t	0.343
ʦ	F|S|F	tʰ	2.7
ʦ	F|S|F	d	4.115
ʦ	F|S|N	d	0.308
ʦ	F|S|N	tʰ	2.7
ʦ	F|S|N	t	4.7
ʦ	|S|#	d	0.427
ʦ	|S|#	tʰ	2.285
ʦ	|S|#	t	4.285
ʦ	|S|<	tʰ	0.622
ʦ	|S|<	d	2.411
ʦ	|S|<	t	2.622
ʦ	|S|<_F	tʰ	0.613
ʦ	|S|<_F	d	2.453
ʦ	|S|<_F	t	2.613
ʦ	|S|<_N	d	0.308
ʦ	|S|<_N	tʰ	2.7
ʦ	|S|<_N	t	4.7
ʦ	|S|F	tʰ	0.622
ʦ	|S|F	d	2.411
ʦ	|S|F	t	2.622
ʦ	|S|N	d	0.427
ʦ	|S|N	tʰ	2.285
ʦ	|S|N	t	4.285
ˈa	#|S|	ˈa	0.295
ˈa	#|S|	ˈaʊ̯	2.755
ˈa	#|S|	ˈoː	4.755
ˈa	#|S|>	ˈa	0.287
ˈa	#|S|>	ˈaʊ̯	2.71
ˈa	#|S|>_N	ˈa	0.066
ˈa	#|S|N	ˈa	0.082
ˈa	<|S|	ˈa	0.426
ˈa	<|S|	ˈoː	2.966
ˈa	<|S|	ˈaʊ̯	3.356
ˈa	<|S|=	ˈa	0.812
ˈa	<|S|=	ˈoː	1.312
ˈa	<|S|>	ˈa	0.402
ˈa	<|S|>	ˈaʊ̯	3.282
ˈa	<|S|>	ˈoː	3.282
ˈa	<|S|>_N	ˈa	0.33
ˈa	<|S|>_N	ˈaʊ̯	3.29
ˈa	<|S|N	ˈa	0.332
ˈa	<|S|N	ˈaʊ̯	3.282
ˈa	|S|=	ˈa	0.755
ˈa	|S|=	ˈoː	1.433
ˈa	|S|=	ˈaʊ̯	4.755
ˈa	|S|>	ˈa	0.373
ˈa	|S|>	ˈaʊ̯	3.133
ˈa	|S|>	ˈoː	3.501
ˈa	|S|>_N	ˈa	0.307
ˈa	|S|>_N	ˈaʊ̯	3.381
ˈa	|S|N	ˈa	0.313
ˈa	|S|N	ˈaʊ̯	3.356
ˈa	|S|N	ˈoː	4.755
ˈa_l	<|S|	ˈaː	0.363
ˈa_l	<|S|>	ˈaː	0.415
ˈa_l	|S|>	ˈaː	0.363
ˈa_ɐ	#|S|	ˈaː	0.0
ˈa_ɐ	#|S|>	ˈaː	0.0
ˈa_ɐ	#|S|>_N	ˈaː	0.0
ˈa_ɐ	#|S|N	ˈaː	0.0
ˈa_ɐ	<|S|	ˈaː	0.0
ˈa_ɐ	<|S|>	ˈaː	0.0
ˈa_ɐ	<|S|>_N	ˈaː	0.0
ˈa_ɐ	<|S|N	ˈaː	0.0
ˈa_ɐ	|S|>	ˈaː	0.0
ˈa_ɐ	|S|>_N	ˈaː	0.0
ˈa_ɐ	|S|N	ˈaː	0.0
ˈaɪ̯	#|S|	ˈaɪ̯	0.804
ˈaɪ̯	#|S|	ˈiː	1.461
ˈaɪ̯	#|S|	ˈɪ	4.7
ˈaɪ̯	#|S|#	ˈaɪ̯	0.241
ˈaɪ̯	#|S|#	ˈiː	3.241
ˈaɪ̯	#|S|>	ˈiː	1.057
ˈaɪ̯	#|S|>	ˈaɪ̯	1.086
ˈaɪ̯	<|S|	ˈiː	1.215
ˈaɪ̯	<|S|	ˈaɪ̯	1.474
ˈaɪ̯	<|S|	ˈɪ	2.995
ˈaɪ̯	<|S|	-	3.58
ˈaɪ̯	<|S|#	ˈaɪ̯	0.746
ˈaɪ̯	<|S|#	ˈiː	1.491
ˈaɪ̯	<|S|>	ˈiː	1.174
ˈaɪ̯	<|S|>	ˈaɪ̯	1.639
ˈaɪ̯	<|S|>	ˈɪ	2.823
ˈaɪ̯	<|S|>	-	3.408
ˈaɪ̯	<|S|>_N	ˈiː	1.045
ˈaɪ̯	<|S|>_N	ˈaɪ̯	1.068
ˈaɪ̯	<|S|N	ˈiː	1.057
ˈaɪ̯	<|S|N	ˈaɪ̯	1.086
ˈaɪ̯	|S|#	ˈaɪ̯	0.671
ˈaɪ̯	|S|#	ˈiː	1.7
ˈaɪ̯	|S|#	ˈɪ	4.7
ˈaɪ̯	|S|>	ˈiː	1.171
ˈaɪ̯	|S|>	ˈaɪ̯	1.555
ˈaɪ̯	|S|>	ˈɪ	2.95
ˈaɪ̯	|S|>	-	3.535
ˈaɪ̯	|S|>_N	ˈiː	1.057
ˈaɪ̯	|S|>_N	ˈaɪ̯	1.086
ˈaɪ̯	|S|N	ˈiː	1.076
ˈaɪ̯	|S|N	ˈaɪ̯	1.115
ˈaɪ̯	|S|N	ˈɪ	4.7
ˈaɪ̯_s	<|S|	ˈɪ_d	0.0
ˈaɪ̯_s	<|S|#	ˈɪ_d	0.0
ˈaɪ̯_s	|S|#	ˈɪ_d	0.0
ˈaʊ̯	#|S|	ˈuː	0.862
ˈaʊ̯	#|S|	-	1.383
ˈaʊ̯	#|S|	ˈaʊ̯	3.907
ˈaʊ̯	#|S|>	ˈuː	0.896
ˈaʊ̯	#|S|>	-	1.278
ˈaʊ̯	#|S|>	ˈaʊ̯	4.322
ˈaʊ̯	<|S|	ˈuː	0.597
ˈaʊ̯	<|S|	ˈaʊ̯	2.219
ˈaʊ̯	<|S|	-	3.011
ˈaʊ̯	<|S|#	ˈuː	0.896
ˈaʊ̯	<|S|#	-	1.278
ˈaʊ̯	<|S|#	ˈaʊ̯	4.322
ˈaʊ̯	<|S|=	ˈuː	0.132
ˈaʊ̯	<|S|=	ˈaʊ̯	4.322
ˈaʊ̯	<|S|=	-	4.737
ˈaʊ̯	<|S|>	ˈuː	0.594
ˈaʊ̯	<|S|>	ˈaʊ̯	2.0
ˈaʊ̯	<|S|>	-	3.515
ˈaʊ̯	<|S|>_N	ˈaʊ̯	0.803
ˈaʊ̯	<|S|>_N	ˈuː	1.334
ˈaʊ̯	<|S|N	ˈaʊ̯	0.862
ˈaʊ̯	<|S|N	ˈuː	1.278
ˈaʊ̯	<|S|N	-	4.737
ˈaʊ̯	|S|#	ˈuː	0.862
ˈaʊ̯	|S|#	-	1.383
ˈaʊ̯	|S|#	ˈaʊ̯	3.907
ˈaʊ̯	|S|=	ˈuː	0.179
ˈaʊ̯	|S|=	ˈaʊ̯	3.907
ˈaʊ̯	|S|=	-	4.322
ˈaʊ̯	|S|>	ˈuː	0.626
ˈaʊ̯	|S|>	ˈaʊ̯	2.161
ˈaʊ̯	|S|>	-	2.961
ˈaʊ̯	|S|>_N	ˈaʊ̯	0.862
ˈaʊ̯	|S|>_N	ˈuː	1.278
ˈaʊ̯	|S|>_N	-	4.737
ˈaʊ̯	|S|N	ˈaʊ̯	0.968
ˈaʊ̯	|S|N	ˈuː	1.188
ˈaʊ̯	|S|N	-	4.322
ˈaː	#|S|	ˈoː	0.189
ˈaː	#|S|	ˈa	4.248
ˈaː	#|S|	-	4.833
ˈaː	#|S|	ˈɛ	4.833
ˈaː	#|S|>	ˈoː	0.139
ˈaː	#|S|>	ˈa	4.663
ˈaː	<|S|	ˈoː	0.694
ˈaː	<|S|	ˈa	2.61
ˈaː	<|S|	-	3.195
ˈaː	<|S|	ˈɛ	3.195
ˈaː	<|S|=	ˈoː	0.139
ˈaː	<|S|=	ˈa	4.663
ˈaː	<|S|>	ˈoː	0.786
ˈaː	<|S|>	ˈa	2.473
ˈaː	<|S|>	-	3.058
ˈaː	<|S|>	ˈɛ	3.058
ˈaː	<|S|>_N	ˈoː	0.926
ˈaː	<|S|>_N	-	1.248
ˈaː	<|S|>_N	ˈa	4.985
ˈaː	<|S|N	ˈoː	0.908
ˈaː	<|S|N	-	1.317
ˈaː	<|S|N	ˈa	4.663
ˈaː	F_<|S|	ˈoː	0.139
ˈaː	F_<|S|	ˈa	4.663
ˈaː	F_<|S|=	ˈoː	0.11
ˈaː	F_<|S|=	ˈa	4.985
ˈaː	F|S|	ˈoː	0.189
ˈaː	F|S|	ˈa	4.248
ˈaː	F|S|	-	4.833
ˈaː	F|S|	ˈɛ	4.833
ˈaː	F|S|=	ˈoː	0.139
ˈaː	F|S|=	ˈa	4.663
ˈaː	|S|=	ˈoː	0.189
ˈaː	|S|=	ˈa	4.248
ˈaː	|S|=	-	4.833
ˈaː	|S|=	ˈɛ	4.833
ˈaː	|S|>	ˈoː	0.731
ˈaː	|S|>	ˈa	2.554
ˈaː	|S|>	-	3.139
ˈaː	|S|>	ˈɛ	3.139
ˈaː	|S|>_N	ˈoː	0.908
ˈaː	|S|>_N	-	1.317
ˈaː	|S|>_N	ˈa	4.663
ˈaː	|S|N	ˈoː	0.879
ˈaː	|S|N	-	1.441
ˈaː	|S|N	ˈa	4.248
ˈaː	|S|N	ˈɛ	4.833
ˈeː	<|S|	ˈaɪ̯	1.322
ˈeː	<|S|	-	2.322
ˈeː	<|S|	ˈeɪ̯	2.322
ˈeː	<|S|	ˈeː	2.322
ˈeː	<|S|#	ˈaɪ̯	1.074
ˈeː	<|S|#	ˈeɪ̯	1.234
ˈeː	<|S|#	-	4.322
ˈeː	<|S|#	ˈeː	4.322
ˈeː	<|S|>	ˈaɪ̯	1.391
ˈeː	<|S|>	-	2.074
ˈeː	<|S|>	ˈeː	2.074
ˈeː	<|S|>	ˈeɪ̯	2.798
ˈeː	<|S|>_N	ˈaɪ̯	0.184
ˈeː	<|S|>_N	-	4.644
ˈeː	<|S|>_N	ˈeɪ̯	4.644
ˈeː	<|S|>_N	ˈeː	4.644
ˈeː	<|S|>_R	ˈaɪ̯	0.184
ˈeː	<|S|>_R	-	4.644
ˈeː	<|S|>_R	ˈeɪ̯	4.644
ˈeː	<|S|>_R	ˈeː	4.644
ˈeː	<|S|N	ˈaɪ̯	0.234
ˈeː	<|S|N	-	4.322
ˈeː	<|S|N	ˈeɪ̯	4.322
ˈeː	<|S|N	ˈeː	4.322
ˈeː	<|S|R	ˈaɪ̯	0.234
ˈeː	<|S|R	-	4.322
ˈeː	<|S|R	ˈeɪ̯	4.322
ˈeː	<|S|R	ˈeː	4.322
ˈeː	|S|#	ˈaɪ̯	1.1
ˈeː	|S|#	ˈeɪ̯	1.322
ˈeː	|S|#	-	3.907
ˈeː	|S|#	ˈeː	3.907
ˈeː	|S|>	ˈaɪ̯	1.383
ˈeː	|S|>	-	2.1
ˈeː	|S|>	ˈeː	2.1
ˈeː	|S|>	ˈeɪ̯	2.737
ˈeː	|S|>_N	ˈaɪ̯	0.234
ˈeː	|S|>_N	-	4.322
ˈeː	|S|>_N	ˈeɪ̯	4.322
ˈeː	|S|>_N	ˈeː	4.322
ˈeː	|S|>_R	ˈaɪ̯	0.234
ˈeː	|S|>_R	-	4.322
ˈeː	|S|>_R	ˈeɪ̯	4.322
ˈeː	|S|>_R	ˈeː	4.322
ˈeː	|S|N	ˈaɪ̯	0.322
ˈeː	|S|N	-	3.907
ˈeː	|S|N	ˈeɪ̯	3.907
ˈeː	|S|N	ˈeː	3.907
ˈeː	|S|R	ˈaɪ̯	0.322
ˈeː	|S|R	-	3.907
ˈeː	|S|R	ˈeɪ̯	3.907
ˈeː	|S|R	ˈeː	3.907
ˈiː	#|S|	ˈɛː	0.526
ˈiː	#|S|	ˈaɪ̯	2.17
ˈiː	#|S|	-	3.585
ˈiː	#|S|<	ˈɛː	0.376
ˈiː	#|S|<	ˈaɪ̯	2.585
ˈiː	#|S|<	-	4.0
ˈiː	<|S|	ˈaɪ̯	0.585
ˈiː	<|S|	-	2.0
ˈiː	<|S|#	ˈaɪ̯	0.126
ˈiː	<|S|#	-	4.0
ˈiː	<|S|<	ˈaɪ̯	0.585
ˈiː	<|S|<	-	4.0
ˈiː	<|S|>	ˈaɪ̯	0.654
ˈiː	<|S|>	-	1.541
ˈiː	<|S|>_R	ˈaɪ̯	0.1
ˈiː	<|S|>_R	-	4.322
ˈiː	<|S|R	ˈaɪ̯	0.126
ˈiː	<|S|R	-	4.0
ˈiː	|S|#	ˈaɪ̯	0.17
ˈiː	|S|#	-	3.585
ˈiː	|S|<	ˈaɪ̯	0.848
ˈiː	|S|<	ˈɛː	2.363
ˈiː	|S|<	-	3.585
ˈiː	|S|>	ˈaɪ̯	0.646
ˈiː	|S|>	-	1.585
ˈiː	|S|>_R	ˈaɪ̯	0.126
ˈiː	|S|>_R	-	4.0
ˈiː	|S|R	ˈaɪ̯	0.17
ˈiː	|S|R	-	3.585
ˈiː_ɐ	<|S|	ˈiː	0.0
ˈiː_ɐ	<|S|#	ˈiː	0.0
ˈiː_ɐ	|S|#	ˈiː	0.0
ˈiː_ɡ	<|S|	ˈaɪ̯	0.0
ˈiː_ɡ	<|S|<	ˈaɪ̯	0.0
ˈiː_ɡ	<|S|<_N	ˈaɪ̯	0.0
ˈiː_ɡ	<|S|N	ˈaɪ̯	0.0
ˈiː_ɡ	|S|<	ˈaɪ̯	0.0
ˈiː_ɡ	|S|<_N	ˈaɪ̯	0.0
ˈiː_ɡ	|S|N	ˈaɪ̯	0.0
ˈoː	#|S|	ˈaʊ̯	0.963
ˈoː	#|S|	ˈoː	1.198
ˈoː	#|S|	-	4.285
ˈoː	#|S|<	ˈaʊ̯	0.177
ˈoː	#|S|<	ˈoː	3.7
ˈoː	#|S|<	-	4.7
ˈoː	#|S|>	ˈoː	0.274
ˈoː	#|S|>	ˈaʊ̯	2.893
ˈoː	#|S|>	-	4.7
ˈoː	<|S|	ˈaʊ̯	0.881
ˈoː	<|S|	ˈoː	1.814
ˈoː	<|S|	-	2.535
ˈoː	<|S|>	ˈaʊ̯	0.879
ˈoː	<|S|>	ˈoː	1.829
ˈoː	<|S|>	-	2.516
ˈoː	<|S|>_N	ˈoː	1.115
ˈoː	<|S|>_N	-	1.215
ˈoː	<|S|>_N	ˈaʊ̯	3.215
ˈoː	<|S|N	ˈoː	1.146
ˈoː	<|S|N	-	1.274
ˈoː	<|S|N	ˈaʊ̯	2.893
ˈoː	|S|<	ˈaʊ̯	0.241
ˈoː	|S|<	ˈoː	3.285
ˈoː	|S|<	-	4.285
ˈoː	|S|>	ˈaʊ̯	0.963
ˈoː	|S|>	ˈoː	1.622
ˈoː	|S|>	-	2.622
ˈoː	|S|>_N	ˈoː	1.146
ˈoː	|S|>_N	-	1.274
ˈoː	|S|>_N	ˈaʊ̯	2.893
ˈoː	|S|N	ˈoː	1.198
ˈoː	|S|N	-	1.379
ˈoː	|S|N	ˈaʊ̯	2.478
ˈuː	<|S|	ˈaʊ̯	0.531
ˈuː	<|S|	ˈuː	2.7
ˈuː	<|S|	ˈɔʏ̯	2.7
ˈuː	<|S|#	ˈaʊ̯	0.571
ˈuː	<|S|#	ˈuː	1.794
ˈuː	<|S|#	ˈɔʏ̯	4.7
ˈuː	<|S|>	ˈaʊ̯	0.519
ˈuː	<|S|>	ˈɔʏ̯	2.408
ˈuː	<|S|>	ˈuː	3.14
ˈuː	<|S|>_N	ˈaʊ̯	0.092
ˈuː	<|S|>_N	ˈuː	5.022
ˈuː	<|S|>_N	ˈɔʏ̯	5.022
ˈuː	<|S|N	ˈaʊ̯	0.115
ˈuː	<|S|N	ˈuː	4.7
ˈuː	<|S|N	ˈɔʏ̯	4.7
ˈuː	|S|#	ˈaʊ̯	0.567
ˈuː	|S|#	ˈuː	1.87
ˈuː	|S|#	ˈɔʏ̯	4.285
ˈuː	|S|>	ˈaʊ̯	0.52
ˈuː	|S|>	ˈɔʏ̯	2.437
ˈuː	|S|>	ˈuː	3.084
ˈuː	|S|>_N	ˈaʊ̯	0.115
ˈuː	|S|>_N	ˈuː	4.7
ˈuː	|S|>_N	ˈɔʏ̯	4.7
ˈuː	|S|N	ˈaʊ̯	0.156
ˈuː	|S|N	ˈuː	4.285
ˈuː	|S|N	ˈɔʏ̯	4.285
ˈyː	#|S|	ˈøː	0.363
ˈyː	#|S|	ˈɔʏ̯	2.17
ˈyː	#|S|>	ˈøː	0.263
ˈyː	#|S|>	ˈɔʏ̯	2.585
ˈyː	<|S|	ˈɔʏ̯	0.585
ˈyː	<|S|	ˈøː	2.17
ˈyː	<|S|<	ˈøː	0.263
ˈyː	<|S|<	ˈɔʏ̯	2.585
ˈyː	<|S|>	ˈɔʏ̯	0.383
ˈyː	<|S|>	ˈøː	3.585
ˈyː	<|S|>_N	ˈɔʏ̯	0.1
ˈyː	<|S|>_N	ˈøː	3.907
ˈyː	<|S|N	ˈɔʏ̯	0.126
ˈyː	<|S|N	ˈøː	3.585
ˈyː	|S|<	ˈøː	0.363
ˈyː	|S|<	ˈɔʏ̯	2.17
ˈyː	|S|>	ˈɔʏ̯	0.585
ˈyː	|S|>	ˈøː	2.17
ˈyː	|S|>_N	ˈɔʏ̯	0.126
ˈyː	|S|>_N	ˈøː	3.585
ˈyː	|S|N	ˈɔʏ̯	0.17
ˈyː	|S|N	ˈøː	3.17
ˈøː	<|S|	ˈɔʏ̯	0.0
ˈøː	<|S|>	ˈɔʏ̯	0.0
ˈøː	<|S|>_N	ˈɔʏ̯	0.0
ˈøː	<|S|>_R	ˈɔʏ̯	0.0
ˈøː	<|S|N	ˈɔʏ̯	0.0
ˈøː	<|S|R	ˈɔʏ̯	0.0
ˈøː	|S|>	ˈɔʏ̯	0.0
ˈøː	|S|>_N	ˈɔʏ̯	0.0
ˈøː	|S|>_R	ˈɔʏ̯	0.0
ˈøː	|S|N	ˈɔʏ̯	0.0
ˈøː	|S|R	ˈɔʏ̯	0.0
ˈœ	<|S|	-	0.0
ˈœ	<|S|>	-	0.0
ˈœ	<|S|>_N	-	0.0
ˈœ	<|S|N	-	0.0
ˈœ	|S|>	-	0.0
ˈœ	|S|>_N	-	0.0
ˈœ	|S|N	-	0.0
ˈɔ	<|S|	ˈʊ	1.0
ˈɔ	<|S|	ˈɔ	1.807
ˈɔ	<|S|	-	2.222
ˈɔ	<|S|>	ˈʊ	1.0
ˈɔ	<|S|>	ˈɔ	1.807
ˈɔ	<|S|>	-	2.222
ˈɔ	<|S|>_N	ˈʊ	0.659
ˈɔ	<|S|>_N	-	1.692
ˈɔ	<|S|>_N	ˈɔ	4.129
ˈɔ	<|S|N	ˈʊ	0.678
ˈɔ	<|S|N	-	1.72
ˈɔ	<|S|N	ˈɔ	3.807
ˈɔ	|S|>	ˈʊ	1.0
ˈɔ	|S|>	ˈɔ	1.807
ˈɔ	|S|>	-	2.222
ˈɔ	|S|>_N	ˈʊ	0.678
ˈɔ	|S|>_N	-	1.72
ˈɔ	|S|>_N	ˈɔ	3.807
ˈɔ	|S|N	ˈʊ	0.71
ˈɔ	|S|N	-	1.768
ˈɔ	|S|N	ˈɔ	3.392
ˈɔ_ɐ	<|S|	ˈaʊ̯_ɐ	0.0
ˈɔ_ɐ	<|S|>	ˈaʊ̯_ɐ	0.0
ˈɔ_ɐ	<|S|>_N	ˈaʊ̯_ɐ	0.0
ˈɔ_ɐ	<|S|N	ˈaʊ̯_ɐ	0.0
ˈɔ_ɐ	|S|>	ˈaʊ̯_ɐ	0.0
ˈɔ_ɐ	|S|>_N	ˈaʊ̯_ɐ	0.0
ˈɔ_ɐ	|S|N	ˈaʊ̯_ɐ	0.0
ˈɔʏ̯	<|S|	-	1.0
ˈɔʏ̯	<|S|	ˈyː	1.0
ˈɔʏ̯	<|S|#	-	0.193
ˈɔʏ̯	<|S|#	ˈyː	3.0
ˈɔʏ̯	<|S|<	ˈyː	0.193
ˈɔʏ̯	<|S|<	-	3.0
ˈɔʏ̯	<|S|>	-	0.798
ˈɔʏ̯	<|S|>	ˈyː	1.234
ˈɔʏ̯	<|S|>_N	-	0.152
ˈɔʏ̯	<|S|>_N	ˈyː	3.322
ˈɔʏ̯	<|S|N	-	0.193
ˈɔʏ̯	<|S|N	ˈyː	3.0
ˈɔʏ̯	|S|#	-	0.263
ˈɔʏ̯	|S|#	ˈyː	2.585
ˈɔʏ̯	|S|<	ˈyː	0.263
ˈɔʏ̯	|S|<	-	2.585
ˈɔʏ̯	|S|>	-	0.819
ˈɔʏ̯	|S|>	ˈyː	1.206
ˈɔʏ̯	|S|>_N	-	0.193
ˈɔʏ̯	|S|>_N	ˈyː	3.0
ˈɔʏ̯	|S|N	-	0.263
ˈɔʏ̯	|S|N	ˈyː	2.585
ˈɛ	#|S|	-	1.492
ˈɛ	#|S|	ˈeː	1.585
ˈɛ	#|S|	ˈɛ	1.684
ˈɛ	#|S|>	-	1.515
ˈɛ	#|S|>	ˈeː	1.585
ˈɛ	#|S|>	ˈɛ	1.659
ˈɛ	<|S|	-	1.282
ˈɛ	<|S|	ˈeː	1.585
ˈɛ	<|S|	ˈɛ	1.968
ˈɛ	<|S|<	-	0.737
ˈɛ	<|S|<	ˈeː	1.585
ˈɛ	<|S|<	ˈɛ	3.907
ˈɛ	<|S|>	-	1.515
ˈɛ	<|S|>	ˈeː	1.585
ˈɛ	<|S|>	ˈɛ	1.659
ˈɛ	<|S|>_N	-	1.528
ˈɛ	<|S|>_N	ˈeː	1.585
ˈɛ	<|S|>_N	ˈɛ	1.644
ˈɛ	<|S|N	-	1.515
ˈɛ	<|S|N	ˈeː	1.585
ˈɛ	<|S|N	ˈɛ	1.659
ˈɛ	|S|<	-	0.791
ˈɛ	|S|<	ˈeː	1.585
ˈɛ	|S|<	ˈɛ	3.492
ˈɛ	|S|>	-	1.492
ˈɛ	|S|>	ˈeː	1.585
ˈɛ	|S|>	ˈɛ	1.684
ˈɛ	|S|>_N	-	1.515
ˈɛ	|S|>_N	ˈeː	1.585
ˈɛ	|S|>_N	ˈɛ	1.659
ˈɛ	|S|N	-	1.492
ˈɛ	|S|N	ˈeː	1.585
ˈɛ	|S|N	ˈɛ	1.684
ˈɛː	<|S|	ˈoː	0.363
ˈɛː	<|S|<	ˈoː	0.0
ˈɛː	<|S|>	ˈoː	0.678
ˈɛː	<|S|>_N	ˈoː	0.0
ˈɛː	<|S|N	ˈoː	0.0
ˈɛː	|S|<	ˈoː	0.0
ˈɛː	|S|>	ˈoː	0.585
ˈɛː	|S|>_N	ˈoː	0.0
ˈɛː	|S|N	ˈoː	0.0
ˈɪ	#|S|	ˈɪ	0.079
ˈɪ	#|S|	-	4.229
ˈɪ	#|S|>	ˈɪ	0.059
ˈɪ	#|S|>	-	4.644
ˈɪ	#|S|>_N	ˈɪ	0.047
ˈɪ	#|S|>_N	-	4.966
ˈɪ	#|S|N	ˈɪ	0.059
ˈɪ	#|S|N	-	4.644
ˈɪ	<|S|	ˈɪ	0.268
ˈɪ	<|S|	-	2.563
ˈɪ	<|S|<	-	0.34
ˈɪ	<|S|<	ˈɪ	2.252
ˈɪ	<|S|>	ˈɪ	0.221
ˈɪ	<|S|>	-	2.813
ˈɪ	<|S|>_N	ˈɪ	0.16
ˈɪ	<|S|>_N	-	3.255
ˈɪ	<|S|N	ˈɪ	0.165
ˈɪ	<|S|N	-	3.208
ˈɪ	|S|<	-	0.474
ˈɪ	|S|<	ˈɪ	1.837
ˈɪ	|S|>	ˈɪ	0.212
ˈɪ	|S|>	-	2.871
ˈɪ	|S|>_N	ˈɪ	0.156
ˈɪ	|S|>_N	-	3.286
ˈɪ	|S|N	ˈɪ	0.166
ˈɪ	|S|N	-	3.199
ˈʊ	#|S|	ˈʊ	0.941
ˈʊ	#|S|	-	1.263
ˈʊ	#|S|	ˈɔ	4.0
ˈʊ	#|S|>	ˈʊ	0.956
ˈʊ	#|S|>	-	1.193
ˈʊ	#|S|>	ˈɔ	4.415
ˈʊ	#|S|>_N	ˈʊ	0.964
ˈʊ	#|S|>_N	-	1.152
ˈʊ	#|S|>_N	ˈɔ	4.737
ˈʊ	#|S|N	ˈʊ	0.956
ˈʊ	#|S|N	-	1.193
ˈʊ	#|S|N	ˈɔ	4.415
ˈʊ	<|S|	ˈʊ	0.815
ˈʊ	<|S|	-	2.144
ˈʊ	<|S|	ˈɔ	2.284
ˈʊ	<|S|<	ˈʊ	1.356
ˈʊ	<|S|<	-	1.678
ˈʊ	<|S|<	ˈɔ	1.752
ˈʊ	<|S|>	ˈʊ	0.695
ˈʊ	<|S|>	-	2.33
ˈʊ	<|S|>	ˈɔ	2.448
ˈʊ	<|S|>_N	ˈʊ	0.132
ˈʊ	<|S|>_N	-	4.322
ˈʊ	<|S|>_N	ˈɔ	4.737
ˈʊ	<|S|N	ˈʊ	0.167
ˈʊ	<|S|N	-	4.0
ˈʊ	<|S|N	ˈɔ	4.415
ˈʊ	F_<|S|	ˈʊ	0.167
ˈʊ	F_<|S|	-	4.0
ˈʊ	F_<|S|	ˈɔ	4.415
ˈʊ	F_<|S|>	ˈʊ	0.132
ˈʊ	F_<|S|>	-	4.322
ˈʊ	F_<|S|>	ˈɔ	4.737
ˈʊ	F_<|S|>_N	ˈʊ	0.109
ˈʊ	F_<|S|>_N	-	4.585
ˈʊ	F_<|S|>_N	ˈɔ	5.0
ˈʊ	F_<|S|N	ˈʊ	0.132
ˈʊ	F_<|S|N	-	4.322
ˈʊ	F_<|S|N	ˈɔ	4.737
ˈʊ	F|S|	ˈʊ	0.227
ˈʊ	F|S|	-	3.585
ˈʊ	F|S|	ˈɔ	4.0
ˈʊ	F|S|>	ˈʊ	0.167
ˈʊ	F|S|>	-	4.0
ˈʊ	F|S|>	ˈɔ	4.415
ˈʊ	F|S|>_N	ˈʊ	0.132
ˈʊ	F|S|>_N	-	4.322
ˈʊ	F|S|>_N	ˈɔ	4.737
ˈʊ	F|S|N	ˈʊ	0.167
ˈʊ	F|S|N	-	4.0
ˈʊ	F|S|N	ˈɔ	4.415
ˈʊ	|S|<	ˈʊ	1.287
ˈʊ	|S|<	-	1.71
ˈʊ	|S|<	ˈɔ	1.812
ˈʊ	|S|>	ˈʊ	0.742
ˈʊ	|S|>	-	2.076
ˈʊ	|S|>	ˈɔ	2.599
ˈʊ	|S|>_N	ˈʊ	0.309
ˈʊ	|S|>_N	-	2.778
ˈʊ	|S|>_N	ˈɔ	4.415
ˈʊ	|S|N	ˈʊ	0.358
ˈʊ	|S|N	-	2.667
ˈʊ	|S|N	ˈɔ	4.0
ˈʊ_ɐ	<|S|	ˈɔː	0.0
ˈʊ_ɐ	<|S|>	ˈɔː	0.0
ˈʊ_ɐ	<|S|>_N	ˈɔː	0.0
ˈʊ_ɐ	<|S|N	ˈɔː	0.0
ˈʊ_ɐ	|S|>	ˈɔː	0.0
ˈʊ_ɐ	|S|>_N	ˈɔː	0.0
ˈʊ_ɐ	|S|N	ˈɔː	0.0
ˈʏ	<|S|	ˈʏ	0.144
ˈʏ	<|S|>	ˈʏ	0.163
ˈʏ	<|S|>_N	ˈʏ	0.447
ˈʏ	<|S|N	ˈʏ	0.415
ˈʏ	|S|>	ˈʏ	0.144
ˈʏ	|S|>_N	ˈʏ	0.415
ˈʏ	|S|N	ˈʏ	0.363